waterbody_name,taxa_name,ZIG_grouping,other_grouping,genus,species,invasive
AL,COPEPOD NAUPLII,nauplii,NA,NA,COPEPOD NAUPLII,NA
AL,CYCLOPOID,cyclopoid,NA,NA,CYCLOPOID,NA
AL,ACANTHOCYCLOPS VERNALIS,cyclopoid,NA,NA,ACANTHOCYCLOPS VERNALIS,NA
AL,DIACYCLOPS THOMASI,cyclopoid,NA,NA,DIACYCLOPS THOMASI,NA
AL,EUCYCLOPS ELEGANS,cyclopoid,NA,NA,EUCYCLOPS ELEGANS,NA
AL,MESOCYCLOPS EDAX,cyclopoid,NA,NA,MESOCYCLOPS EDAX,NA
AL,TROPOCYCLOPS PRASINUS MEXICANUS,cyclopoid,NA,NA,TROPOCYCLOPS PRASINUS MEXICANUS,NA
AL,CALANOID,calanoid,NA,NA,CALANOID,NA
AL,EPISCHURA LACUSTRIS,calanoid,NA,NA,EPISCHURA LACUSTRIS,NA
AL,DIAPTOMID,calanoid,NA,NA,DIAPTOMID,NA
AL,LEPTODIAPTOMUS MINUTUS,calanoid,NA,NA,LEPTODIAPTOMUS MINUTUS,NA
AL,SKISTODIAPTOMUS OREGONENSIS,calanoid,NA,NA,SKISTODIAPTOMUS OREGONENSIS,NA
AL,HARPACTICOID,harpacticoid,NA,NA,HARPACTICOID,NA
AL,ALONA,cladocera,NA,NA,ALONA,NA
AL,BOSMINIDAE,bosmina,NA,NA,BOSMINIDAE,NA
AL,CERIODAPHNIA,cladocera,NA,NA,CERIODAPHNIA,NA
AL,CERIODAPHNIA LACUSTRIS,cladocera,NA,NA,CERIODAPHNIA LACUSTRIS,NA
AL,CHYDORUS,cladocera,NA,NA,CHYDORUS,NA
AL,DAPHNIA,daphnia,NA,NA,DAPHNIA,NA
AL,DAPHNIA AMBIGUA,daphnia,NA,NA,DAPHNIA AMBIGUA,NA
AL,DAPHNIA DUBIA,daphnia,NA,NA,DAPHNIA DUBIA,NA
AL,DAPHNIA MENDOTAE,daphnia,NA,NA,DAPHNIA MENDOTAE,NA
AL,DAPHNIA LONGIREMIS,daphnia,NA,NA,DAPHNIA LONGIREMIS,NA
AL,DAPHNIA PARVULA,daphnia,NA,NA,DAPHNIA PARVULA,NA
AL,DAPHNIA RETROCURVA,daphnia,NA,NA,DAPHNIA RETROCURVA,NA
AL,DAPHNIA DENTIFERA,daphnia,NA,NA,DAPHNIA DENTIFERA,NA
AL,DAPHNIA PULICARIA,daphnia,NA,NA,DAPHNIA PULICARIA,NA
AL,DIAPHANOSOMA BIRGEI,daphnia,NA,NA,DIAPHANOSOMA BIRGEI,NA
AL,HOLOPEDIUM GIBBERUM,cladocera,NA,NA,HOLOPEDIUM GIBBERUM,NA
AL,ANURAEOPSIS FISSA,rotifer,NA,NA,ANURAEOPSIS FISSA,NA
AL,ASCOMORPHA,rotifer,NA,NA,ASCOMORPHA,NA
AL,ASCOMORPHA ECAUDIS,rotifer,NA,NA,ASCOMORPHA ECAUDIS,NA
AL,ASCOMORPHA OVALIS,rotifer,NA,NA,ASCOMORPHA OVALIS,NA
AL,ASCOMORPHA SALTANS,rotifer,NA,NA,ASCOMORPHA SALTANS,NA
AL,ASPLANCHNA,rotifer,NA,NA,ASPLANCHNA,NA
AL,BRACHIONUS,rotifer,NA,NA,BRACHIONUS,NA
AL,COLLOTHECA,rotifer,NA,NA,COLLOTHECA,NA
AL,COLLOTHECA MUTABILIS,rotifer,NA,NA,COLLOTHECA MUTABILIS,NA
AL,CONOCHILOIDES,rotifer,NA,NA,CONOCHILOIDES,NA
AL,CONOCHILUS,rotifer,NA,NA,CONOCHILUS,NA
AL,EUCHLANIS,rotifer,NA,NA,EUCHLANIS,NA
AL,EUCHLANIS PELLUCIDA,rotifer,NA,NA,EUCHLANIS PELLUCIDA,NA
AL,FILINIA TERMINALIS,rotifer,NA,NA,FILINIA TERMINALIS,NA
AL,GASTROPUS,rotifer,NA,NA,GASTROPUS,NA
AL,GASTROPUS HYPTOPUS,rotifer,NA,NA,GASTROPUS HYPTOPUS,NA
AL,GASTROPUS STYLIFER,rotifer,NA,NA,GASTROPUS STYLIFER,NA
AL,HEXARTHRA,rotifer,NA,NA,HEXARTHRA,NA
AL,KELLICOTTIA BOSTONIENSIS,rotifer,NA,NA,KELLICOTTIA BOSTONIENSIS,NA
AL,KELLICOTTIA LONGISPINA,rotifer,NA,NA,KELLICOTTIA LONGISPINA,NA
AL,KERATELLA,rotifer,NA,NA,KERATELLA,NA
AL,KERATELLA COCHLEARIS,rotifer,NA,NA,KERATELLA COCHLEARIS,NA
AL,KERATELLA CRASSA,rotifer,NA,NA,KERATELLA CRASSA,NA
AL,KERATELLA EARLINAE,rotifer,NA,NA,KERATELLA EARLINAE,NA
AL,KERATELLA HIEMALIS,rotifer,NA,NA,KERATELLA HIEMALIS,NA
AL,KERATELLA QUADRATA,rotifer,NA,NA,KERATELLA QUADRATA,NA
AL,KERATELLA SERRULATA,rotifer,NA,NA,KERATELLA SERRULATA,NA
AL,KERATELLA TAUROCEPHALA,rotifer,NA,NA,KERATELLA TAUROCEPHALA,NA
AL,LECANE,rotifer,NA,NA,LECANE,NA
AL,LECANE INERMIS,rotifer,NA,NA,LECANE INERMIS,NA
AL,LECANE TENUISETA,rotifer,NA,NA,LECANE TENUISETA,NA
AL,LEPADELLA,rotifer,NA,NA,LEPADELLA,NA
AL,LEPADELLA PATELLA,rotifer,NA,NA,LEPADELLA PATELLA,NA
AL,MONOSTYLA,rotifer,NA,NA,MONOSTYLA,NA
AL,MONOSTYLA LUNARIS,rotifer,NA,NA,MONOSTYLA LUNARIS,NA
AL,MONOSTYLA OBTUSA,rotifer,NA,NA,MONOSTYLA OBTUSA,NA
AL,NOTHOLCA ACUMINATA,rotifer,NA,NA,NOTHOLCA ACUMINATA,NA
AL,NOTHOLCA FOLIACEA,rotifer,NA,NA,NOTHOLCA FOLIACEA,NA
AL,NOTHOLCA MICHIGANENSIS,rotifer,NA,NA,NOTHOLCA MICHIGANENSIS,NA
AL,NOTHOLCA SQUAMULA,rotifer,NA,NA,NOTHOLCA SQUAMULA,NA
AL,PLOESOMA,rotifer,NA,NA,PLOESOMA,NA
AL,PLOESOMA HUDSONI,rotifer,NA,NA,PLOESOMA HUDSONI,NA
AL,PLOESOMA LENTICULARE,rotifer,NA,NA,PLOESOMA LENTICULARE,NA
AL,POLYARTHRA,rotifer,NA,NA,POLYARTHRA,NA
AL,POLYARTHRA DOLICHOPTERA,rotifer,NA,NA,POLYARTHRA DOLICHOPTERA,NA
AL,POLYARTHRA EURYPTERA,rotifer,NA,NA,POLYARTHRA EURYPTERA,NA
AL,POLYARTHRA MAJOR,rotifer,NA,NA,POLYARTHRA MAJOR,NA
AL,POLYARTHRA REMATA,rotifer,NA,NA,POLYARTHRA REMATA,NA
AL,POLYARTHRA VULGARIS,rotifer,NA,NA,POLYARTHRA VULGARIS,NA
AL,POMPHOLYX,rotifer,NA,NA,POMPHOLYX,NA
AL,SYNCHAETA,rotifer,NA,NA,SYNCHAETA,NA
AL,TRICHOCERCA,rotifer,NA,NA,TRICHOCERCA,NA
AL,TRICHOCERCA BIROSTRIS,rotifer,NA,NA,TRICHOCERCA BIROSTRIS,NA
AL,TRICHOCERCA CYLINDRICA,rotifer,NA,NA,TRICHOCERCA CYLINDRICA,NA
AL,TRICHOCERCA MULTICRINIS,rotifer,NA,NA,TRICHOCERCA MULTICRINIS,NA
AL,TRICHOCERCA PORCELLUS,rotifer,NA,NA,TRICHOCERCA PORCELLUS,NA
AL,TRICHOCERCA PUSILLA,rotifer,NA,NA,TRICHOCERCA PUSILLA,NA
AL,TRICHOCERCA ROUSSELETI,rotifer,NA,NA,TRICHOCERCA ROUSSELETI,NA
AL,TRICHOCERCA SIMILIS,rotifer,NA,NA,TRICHOCERCA SIMILIS,NA
AL,TRICHOTRIA,rotifer,NA,NA,TRICHOTRIA,NA
AL,UNKNOWN ROTIFER,unknown,NA,NA,UNKNOWN ROTIFER,NA
BM,COPEPOD NAUPLII,nauplii,NA,NA,COPEPOD NAUPLII,NA
BM,CYCLOPOID,cyclopoid,NA,NA,CYCLOPOID,NA
BM,ACANTHOCYCLOPS VERNALIS,cyclopoid,NA,NA,ACANTHOCYCLOPS VERNALIS,NA
BM,DIACYCLOPS THOMASI,cyclopoid,NA,NA,DIACYCLOPS THOMASI,NA
BM,EUCYCLOPS,cyclopoid,NA,NA,EUCYCLOPS,NA
BM,EUCYCLOPS ELEGANS,cyclopoid,NA,NA,EUCYCLOPS ELEGANS,NA
BM,MESOCYCLOPS EDAX,cyclopoid,NA,NA,MESOCYCLOPS EDAX,NA
BM,ORTHOCYCLOPS MODESTUS,cyclopoid,NA,NA,ORTHOCYCLOPS MODESTUS,NA
BM,TROPOCYCLOPS PRASINUS MEXICANUS,cyclopoid,NA,NA,TROPOCYCLOPS PRASINUS MEXICANUS,NA
BM,CALANOID,calanoid,NA,NA,CALANOID,NA
BM,EPISCHURA LACUSTRIS,calanoid,NA,NA,EPISCHURA LACUSTRIS,NA
BM,DIAPTOMID,calanoid,NA,NA,DIAPTOMID,NA
BM,LEPTODIAPTOMUS MINUTUS,calanoid,NA,NA,LEPTODIAPTOMUS MINUTUS,NA
BM,SKISTODIAPTOMUS OREGONENSIS,calanoid,NA,NA,SKISTODIAPTOMUS OREGONENSIS,NA
BM,SKISTODIAPTOMUS PALLIDUS,calanoid,NA,NA,SKISTODIAPTOMUS PALLIDUS,NA
BM,CLADOCERAN,cladocera,NA,NA,CLADOCERAN,NA
BM,ALONA,cladocera,NA,NA,ALONA,NA
BM,BOSMINIDAE,bosmina,NA,NA,BOSMINIDAE,NA
BM,CERIODAPHNIA,cladocera,NA,NA,CERIODAPHNIA,NA
BM,CHYDORUS,cladocera,NA,NA,CHYDORUS,NA
BM,DAPHNIA,daphnia,NA,NA,DAPHNIA,NA
BM,DAPHNIA AMBIGUA,daphnia,NA,NA,DAPHNIA AMBIGUA,NA
BM,DAPHNIA DUBIA,daphnia,NA,NA,DAPHNIA DUBIA,NA
BM,DAPHNIA MENDOTAE,daphnia,NA,NA,DAPHNIA MENDOTAE,NA
BM,DAPHNIA LONGIREMIS,daphnia,NA,NA,DAPHNIA LONGIREMIS,NA
BM,DAPHNIA PARVULA,daphnia,NA,NA,DAPHNIA PARVULA,NA
BM,DAPHNIA RETROCURVA,daphnia,NA,NA,DAPHNIA RETROCURVA,NA
BM,DAPHNIA DENTIFERA,daphnia,NA,NA,DAPHNIA DENTIFERA,NA
BM,DAPHNIA PULICARIA,daphnia,NA,NA,DAPHNIA PULICARIA,NA
BM,DIAPHANOSOMA,daphnia,NA,NA,DIAPHANOSOMA,NA
BM,DIAPHANOSOMA BIRGEI,daphnia,NA,NA,DIAPHANOSOMA BIRGEI,NA
BM,HOLOPEDIUM,cladocera,NA,NA,HOLOPEDIUM,NA
BM,HOLOPEDIUM GIBBERUM,cladocera,NA,NA,HOLOPEDIUM GIBBERUM,NA
BM,ANURAEOPSIS,rotifer,NA,NA,ANURAEOPSIS,NA
BM,ASCOMORPHA,rotifer,NA,NA,ASCOMORPHA,NA
BM,ASCOMORPHA ECAUDIS,rotifer,NA,NA,ASCOMORPHA ECAUDIS,NA
BM,ASCOMORPHA OVALIS,rotifer,NA,NA,ASCOMORPHA OVALIS,NA
BM,ASPLANCHNA,rotifer,NA,NA,ASPLANCHNA,NA
BM,BRACHIONUS,rotifer,NA,NA,BRACHIONUS,NA
BM,CEPHALODELLA,rotifer,NA,NA,CEPHALODELLA,NA
BM,COLLOTHECA,rotifer,NA,NA,COLLOTHECA,NA
BM,COLLOTHECA MUTABILIS,rotifer,NA,NA,COLLOTHECA MUTABILIS,NA
BM,CONOCHILOIDES,rotifer,NA,NA,CONOCHILOIDES,NA
BM,CONOCHILUS,rotifer,NA,NA,CONOCHILUS,NA
BM,CONOCHILUS UNICORNIS,rotifer,NA,NA,CONOCHILUS UNICORNIS,NA
BM,FILINIA,rotifer,NA,NA,FILINIA,NA
BM,FILINIA TERMINALIS,rotifer,NA,NA,FILINIA TERMINALIS,NA
BM,GASTROPUS,rotifer,NA,NA,GASTROPUS,NA
BM,GASTROPUS HYPTOPUS,rotifer,NA,NA,GASTROPUS HYPTOPUS,NA
BM,GASTROPUS STYLIFER,rotifer,NA,NA,GASTROPUS STYLIFER,NA
BM,KELLICOTTIA BOSTONIENSIS,rotifer,NA,NA,KELLICOTTIA BOSTONIENSIS,NA
BM,KELLICOTTIA LONGISPINA,rotifer,NA,NA,KELLICOTTIA LONGISPINA,NA
BM,KERATELLA,rotifer,NA,NA,KERATELLA,NA
BM,KERATELLA COCHLEARIS,rotifer,NA,NA,KERATELLA COCHLEARIS,NA
BM,KERATELLA COCHLEARIS F. TECTA,rotifer,NA,NA,KERATELLA COCHLEARIS F. TECTA,NA
BM,KERATELLA CRASSA,rotifer,NA,NA,KERATELLA CRASSA,NA
BM,KERATELLA EARLINAE,rotifer,NA,NA,KERATELLA EARLINAE,NA
BM,KERATELLA HIEMALIS,rotifer,NA,NA,KERATELLA HIEMALIS,NA
BM,KERATELLA QUADRATA,rotifer,NA,NA,KERATELLA QUADRATA,NA
BM,KERATELLA TAUROCEPHALA,rotifer,NA,NA,KERATELLA TAUROCEPHALA,NA
BM,KERATELLA TESTUDO,rotifer,NA,NA,KERATELLA TESTUDO,NA
BM,KERATELLA TICINENSIS,rotifer,NA,NA,KERATELLA TICINENSIS,NA
BM,LECANE,rotifer,NA,NA,LECANE,NA
BM,LECANE INERMIS,rotifer,NA,NA,LECANE INERMIS,NA
BM,LECANE LEONTINA,rotifer,NA,NA,LECANE LEONTINA,NA
BM,LECANE TENUISETA,rotifer,NA,NA,LECANE TENUISETA,NA
BM,LEPADELLA,rotifer,NA,NA,LEPADELLA,NA
BM,MANFREDIUM EUDACTYLOTUM,rotifer,NA,NA,MANFREDIUM EUDACTYLOTUM,NA
BM,MONOSTYLA,rotifer,NA,NA,MONOSTYLA,NA
BM,MONOSTYLA LUNARIS,rotifer,NA,NA,MONOSTYLA LUNARIS,NA
BM,MONOSTYLA OBTUSA,rotifer,NA,NA,MONOSTYLA OBTUSA,NA
BM,NOTHOLCA,rotifer,NA,NA,NOTHOLCA,NA
BM,NOTHOLCA FOLIACEA,rotifer,NA,NA,NOTHOLCA FOLIACEA,NA
BM,NOTHOLCA LABIS,rotifer,NA,NA,NOTHOLCA LABIS,NA
BM,NOTHOLCA MICHIGANENSIS,rotifer,NA,NA,NOTHOLCA MICHIGANENSIS,NA
BM,PLOESOMA,rotifer,NA,NA,PLOESOMA,NA
BM,PLOESOMA HUDSONI,rotifer,NA,NA,PLOESOMA HUDSONI,NA
BM,PLOESOMA LENTICULARE,rotifer,NA,NA,PLOESOMA LENTICULARE,NA
BM,PLOESOMA TRUNCATUM,rotifer,NA,NA,PLOESOMA TRUNCATUM,NA
BM,POLYARTHRA,rotifer,NA,NA,POLYARTHRA,NA
BM,POLYARTHRA DOLICHOPTERA,rotifer,NA,NA,POLYARTHRA DOLICHOPTERA,NA
BM,POLYARTHRA EURYPTERA,rotifer,NA,NA,POLYARTHRA EURYPTERA,NA
BM,POLYARTHRA MAJOR,rotifer,NA,NA,POLYARTHRA MAJOR,NA
BM,POLYARTHRA REMATA,rotifer,NA,NA,POLYARTHRA REMATA,NA
BM,POLYARTHRA VULGARIS,rotifer,NA,NA,POLYARTHRA VULGARIS,NA
BM,POMPHOLYX,rotifer,NA,NA,POMPHOLYX,NA
BM,SYNCHAETA,rotifer,NA,NA,SYNCHAETA,NA
BM,TRICHOCERCA,rotifer,NA,NA,TRICHOCERCA,NA
BM,TRICHOCERCA BIROSTRIS,rotifer,NA,NA,TRICHOCERCA BIROSTRIS,NA
BM,TRICHOCERCA CYLINDRICA,rotifer,NA,NA,TRICHOCERCA CYLINDRICA,NA
BM,TRICHOCERCA MULTICRINIS,rotifer,NA,NA,TRICHOCERCA MULTICRINIS,NA
BM,TRICHOCERCA ROUSSELETI,rotifer,NA,NA,TRICHOCERCA ROUSSELETI,NA
BM,TRICHOCERCA SIMILIS,rotifer,NA,NA,TRICHOCERCA SIMILIS,NA
BM,TRICHOTRIA,rotifer,NA,NA,TRICHOTRIA,NA
BM,CHAOBORUS,chaoborus,NA,NA,CHAOBORUS,NA
BM,UNKNOWN ROTIFER,unknown,NA,NA,UNKNOWN ROTIFER,NA
CB,COPEPOD NAUPLII,nauplii,NA,NA,COPEPOD NAUPLII,NA
CB,CYCLOPOID,cyclopoid,NA,NA,CYCLOPOID,NA
CB,ACANTHOCYCLOPS VERNALIS,cyclopoid,NA,NA,ACANTHOCYCLOPS VERNALIS,NA
CB,DIACYCLOPS THOMASI,cyclopoid,NA,NA,DIACYCLOPS THOMASI,NA
CB,EUCYCLOPS ELEGANS,cyclopoid,NA,NA,EUCYCLOPS ELEGANS,NA
CB,MESOCYCLOPS EDAX,cyclopoid,NA,NA,MESOCYCLOPS EDAX,NA
CB,ORTHOCYCLOPS MODESTUS,cyclopoid,NA,NA,ORTHOCYCLOPS MODESTUS,NA
CB,PARACYCLOPS FIMBRIATUS POPPEI,cyclopoid,NA,NA,PARACYCLOPS FIMBRIATUS POPPEI,NA
CB,TROPOCYCLOPS PRASINUS MEXICANUS,cyclopoid,NA,NA,TROPOCYCLOPS PRASINUS MEXICANUS,NA
CB,ERGASILUS,cyclopoid,NA,NA,ERGASILUS,NA
CB,CALANOID,calanoid,NA,NA,CALANOID,NA
CB,LEPTODIAPTOMUS MINUTUS,calanoid,NA,NA,LEPTODIAPTOMUS MINUTUS,NA
CB,SKISTODIAPTOMUS OREGONENSIS,calanoid,NA,NA,SKISTODIAPTOMUS OREGONENSIS,NA
CB,CLADOCERAN,cladocera,NA,NA,CLADOCERAN,NA
CB,ACROPERUS HARPAE,cladocera,NA,NA,ACROPERUS HARPAE,NA
CB,ALONA,cladocera,NA,NA,ALONA,NA
CB,ALONA KARUA,cladocera,NA,NA,ALONA KARUA,NA
CB,BOSMINIDAE,bosmina,NA,NA,BOSMINIDAE,NA
CB,CHYDORUS,cladocera,NA,NA,CHYDORUS,NA
CB,DAPHNIA,daphnia,NA,NA,DAPHNIA,NA
CB,DAPHNIA MENDOTAE,daphnia,NA,NA,DAPHNIA MENDOTAE,NA
CB,DAPHNIA RETROCURVA,daphnia,NA,NA,DAPHNIA RETROCURVA,NA
CB,DAPHNIA DENTIFERA,daphnia,NA,NA,DAPHNIA DENTIFERA,NA
CB,DAPHNIA PULICARIA,daphnia,NA,NA,DAPHNIA PULICARIA,NA
CB,DIAPHANOSOMA,daphnia,NA,NA,DIAPHANOSOMA,NA
CB,DIAPHANOSOMA BIRGEI,daphnia,NA,NA,DIAPHANOSOMA BIRGEI,NA
CB,HOLOPEDIUM,cladocera,NA,NA,HOLOPEDIUM,NA
CB,HOLOPEDIUM GIBBERUM,cladocera,NA,NA,HOLOPEDIUM GIBBERUM,NA
CB,ILYOCRYPTUS SPINIFER,cladocera,NA,NA,ILYOCRYPTUS SPINIFER,NA
CB,OPHRYOXUS GRACILIS,cladocera,NA,NA,OPHRYOXUS GRACILIS,NA
CB,SCAPHOLEBERIS,cladocera,NA,NA,SCAPHOLEBERIS,NA
CB,ASCOMORPHA,rotifer,NA,NA,ASCOMORPHA,NA
CB,ASCOMORPHA ECAUDIS,rotifer,NA,NA,ASCOMORPHA ECAUDIS,NA
CB,ASCOMORPHA OVALIS,rotifer,NA,NA,ASCOMORPHA OVALIS,NA
CB,ASCOMORPHA SALTANS,rotifer,NA,NA,ASCOMORPHA SALTANS,NA
CB,ASPLANCHNA,rotifer,NA,NA,ASPLANCHNA,NA
CB,BRACHIONUS,rotifer,NA,NA,BRACHIONUS,NA
CB,BRACHIONUS QUADRIDENTATUS,rotifer,NA,NA,BRACHIONUS QUADRIDENTATUS,NA
CB,CEPHALODELLA,rotifer,NA,NA,CEPHALODELLA,NA
CB,COLURELLA,rotifer,NA,NA,COLURELLA,NA
CB,CONOCHILOIDES,rotifer,NA,NA,CONOCHILOIDES,NA
CB,CONOCHILUS,rotifer,NA,NA,CONOCHILUS,NA
CB,CONOCHILUS UNICORNIS,rotifer,NA,NA,CONOCHILUS UNICORNIS,NA
CB,ENCENTRUM,rotifer,NA,NA,ENCENTRUM,NA
CB,EUCHLANIS,rotifer,NA,NA,EUCHLANIS,NA
CB,EUCHLANIS PELLUCIDA,rotifer,NA,NA,EUCHLANIS PELLUCIDA,NA
CB,FILINIA,rotifer,NA,NA,FILINIA,NA
CB,FILINIA TERMINALIS,rotifer,NA,NA,FILINIA TERMINALIS,NA
CB,GASTROPUS,rotifer,NA,NA,GASTROPUS,NA
CB,GASTROPUS HYPTOPUS,rotifer,NA,NA,GASTROPUS HYPTOPUS,NA
CB,GASTROPUS STYLIFER,rotifer,NA,NA,GASTROPUS STYLIFER,NA
CB,KELLICOTTIA,rotifer,NA,NA,KELLICOTTIA,NA
CB,KELLICOTTIA BOSTONIENSIS,rotifer,NA,NA,KELLICOTTIA BOSTONIENSIS,NA
CB,KELLICOTTIA LONGISPINA,rotifer,NA,NA,KELLICOTTIA LONGISPINA,NA
CB,KERATELLA,rotifer,NA,NA,KERATELLA,NA
CB,KERATELLA COCHLEARIS,rotifer,NA,NA,KERATELLA COCHLEARIS,NA
CB,KERATELLA COCHLEARIS F. TECTA,rotifer,NA,NA,KERATELLA COCHLEARIS F. TECTA,NA
CB,KERATELLA CRASSA,rotifer,NA,NA,KERATELLA CRASSA,NA
CB,KERATELLA EARLINAE,rotifer,NA,NA,KERATELLA EARLINAE,NA
CB,KERATELLA HIEMALIS,rotifer,NA,NA,KERATELLA HIEMALIS,NA
CB,KERATELLA QUADRATA,rotifer,NA,NA,KERATELLA QUADRATA,NA
CB,KERATELLA SERRULATA,rotifer,NA,NA,KERATELLA SERRULATA,NA
CB,KERATELLA TAUROCEPHALA,rotifer,NA,NA,KERATELLA TAUROCEPHALA,NA
CB,KERATELLA TESTUDO,rotifer,NA,NA,KERATELLA TESTUDO,NA
CB,KERATELLA TICINENSIS,rotifer,NA,NA,KERATELLA TICINENSIS,NA
CB,LECANE,rotifer,NA,NA,LECANE,NA
CB,LECANE INERMIS,rotifer,NA,NA,LECANE INERMIS,NA
CB,LECANE MIRA,rotifer,NA,NA,LECANE MIRA,NA
CB,LECANE TENUISETA,rotifer,NA,NA,LECANE TENUISETA,NA
CB,LEPADELLA,rotifer,NA,NA,LEPADELLA,NA
CB,LEPADELLA PATELLA,rotifer,NA,NA,LEPADELLA PATELLA,NA
CB,MANFREDIUM,rotifer,NA,NA,MANFREDIUM,NA
CB,MANFREDIUM EUDACTYLOTUM,rotifer,NA,NA,MANFREDIUM EUDACTYLOTUM,NA
CB,MONOMMATA,rotifer,NA,NA,MONOMMATA,NA
CB,MONOSTYLA,rotifer,NA,NA,MONOSTYLA,NA
CB,MONOSTYLA BULLA,rotifer,NA,NA,MONOSTYLA BULLA,NA
CB,MONOSTYLA LUNARIS,rotifer,NA,NA,MONOSTYLA LUNARIS,NA
CB,MONOSTYLA OBTUSA,rotifer,NA,NA,MONOSTYLA OBTUSA,NA
CB,MYTILINA,rotifer,NA,NA,MYTILINA,NA
CB,NOTHOLCA,rotifer,NA,NA,NOTHOLCA,NA
CB,NOTOMMATA,rotifer,NA,NA,NOTOMMATA,NA
CB,PLOESOMA,rotifer,NA,NA,PLOESOMA,NA
CB,PLOESOMA LENTICULARE,rotifer,NA,NA,PLOESOMA LENTICULARE,NA
CB,POLYARTHRA,rotifer,NA,NA,POLYARTHRA,NA
CB,POLYARTHRA DOLICHOPTERA,rotifer,NA,NA,POLYARTHRA DOLICHOPTERA,NA
CB,POLYARTHRA EURYPTERA,rotifer,NA,NA,POLYARTHRA EURYPTERA,NA
CB,POLYARTHRA MAJOR,rotifer,NA,NA,POLYARTHRA MAJOR,NA
CB,POLYARTHRA REMATA,rotifer,NA,NA,POLYARTHRA REMATA,NA
CB,POLYARTHRA VULGARIS,rotifer,NA,NA,POLYARTHRA VULGARIS,NA
CB,POMPHOLYX,rotifer,NA,NA,POMPHOLYX,NA
CB,SYNCHAETA,rotifer,NA,NA,SYNCHAETA,NA
CB,TRICHOCERCA,rotifer,NA,NA,TRICHOCERCA,NA
CB,TRICHOCERCA BIROSTRIS,rotifer,NA,NA,TRICHOCERCA BIROSTRIS,NA
CB,TRICHOCERCA CYLINDRICA,rotifer,NA,NA,TRICHOCERCA CYLINDRICA,NA
CB,TRICHOCERCA MULTICRINIS,rotifer,NA,NA,TRICHOCERCA MULTICRINIS,NA
CB,TRICHOCERCA ROUSSELETI,rotifer,NA,NA,TRICHOCERCA ROUSSELETI,NA
CB,TRICHOCERCA SIMILIS,rotifer,NA,NA,TRICHOCERCA SIMILIS,NA
CB,TRICHOCERCA CAPUCINA,rotifer,NA,NA,TRICHOCERCA CAPUCINA,NA
CB,TRICHOTRIA,rotifer,NA,NA,TRICHOTRIA,NA
CB,TRICHOTRIA TETRACTIS,rotifer,NA,NA,TRICHOTRIA TETRACTIS,NA
CB,TROCHOSPHAERA SOLSTITIALIS,rotifer,NA,NA,TROCHOSPHAERA SOLSTITIALIS,NA
CB,UNKNOWN ROTIFER,unknown,NA,NA,UNKNOWN ROTIFER,NA
CR,COPEPOD NAUPLII,nauplii,NA,NA,COPEPOD NAUPLII,NA
CR,CYCLOPOID,cyclopoid,NA,NA,CYCLOPOID,NA
CR,ACANTHOCYCLOPS VERNALIS,cyclopoid,NA,NA,ACANTHOCYCLOPS VERNALIS,NA
CR,DIACYCLOPS,cyclopoid,NA,NA,DIACYCLOPS,NA
CR,DIACYCLOPS THOMASI,cyclopoid,NA,NA,DIACYCLOPS THOMASI,NA
CR,EUCYCLOPS AGILIS,cyclopoid,NA,NA,EUCYCLOPS AGILIS,NA
CR,EUCYCLOPS ELEGANS,cyclopoid,NA,NA,EUCYCLOPS ELEGANS,NA
CR,TROPOCYCLOPS PRASINUS MEXICANUS,cyclopoid,NA,NA,TROPOCYCLOPS PRASINUS MEXICANUS,NA
CR,CALANOID,calanoid,NA,NA,CALANOID,NA
CR,EPISCHURA LACUSTRIS,calanoid,NA,NA,EPISCHURA LACUSTRIS,NA
CR,DIAPTOMID,calanoid,NA,NA,DIAPTOMID,NA
CR,LEPTODIAPTOMUS MINUTUS,calanoid,NA,NA,LEPTODIAPTOMUS MINUTUS,NA
CR,LEPTODIAPTOMUS SICILIS,calanoid,NA,NA,LEPTODIAPTOMUS SICILIS,NA
CR,SKISTODIAPTOMUS,calanoid,NA,NA,SKISTODIAPTOMUS,NA
CR,SKISTODIAPTOMUS OREGONENSIS,calanoid,NA,NA,SKISTODIAPTOMUS OREGONENSIS,NA
CR,HARPACTICOID,harpacticoid,NA,NA,HARPACTICOID,NA
CR,ALONA,cladocera,NA,NA,ALONA,NA
CR,BOSMINIDAE,bosmina,NA,NA,BOSMINIDAE,NA
CR,CHYDORUS,cladocera,NA,NA,CHYDORUS,NA
CR,DAPHNIA,daphnia,NA,NA,DAPHNIA,NA
CR,DAPHNIA AMBIGUA,daphnia,NA,NA,DAPHNIA AMBIGUA,NA
CR,DAPHNIA DUBIA,daphnia,NA,NA,DAPHNIA DUBIA,NA
CR,DAPHNIA MENDOTAE,daphnia,NA,NA,DAPHNIA MENDOTAE,NA
CR,DAPHNIA LONGIREMIS,daphnia,NA,NA,DAPHNIA LONGIREMIS,NA
CR,DAPHNIA PARVULA,daphnia,NA,NA,DAPHNIA PARVULA,NA
CR,DAPHNIA RETROCURVA,daphnia,NA,NA,DAPHNIA RETROCURVA,NA
CR,DAPHNIA PULICARIA,daphnia,NA,NA,DAPHNIA PULICARIA,NA
CR,DIAPHANOSOMA,daphnia,NA,NA,DIAPHANOSOMA,NA
CR,DIAPHANOSOMA BIRGEI,daphnia,NA,NA,DIAPHANOSOMA BIRGEI,NA
CR,HOLOPEDIUM GIBBERUM,cladocera,NA,NA,HOLOPEDIUM GIBBERUM,NA
CR,POLYPHEMUS PEDICULUS,cladocera,NA,NA,POLYPHEMUS PEDICULUS,NA
CR,ANURAEOPSIS,rotifer,NA,NA,ANURAEOPSIS,NA
CR,ASCOMORPHA,rotifer,NA,NA,ASCOMORPHA,NA
CR,ASCOMORPHA ECAUDIS,rotifer,NA,NA,ASCOMORPHA ECAUDIS,NA
CR,ASCOMORPHA OVALIS,rotifer,NA,NA,ASCOMORPHA OVALIS,NA
CR,ASPLANCHNA,rotifer,NA,NA,ASPLANCHNA,NA
CR,BRACHIONUS,rotifer,NA,NA,BRACHIONUS,NA
CR,BRACHIONUS ANGULARIS,rotifer,NA,NA,BRACHIONUS ANGULARIS,NA
CR,COLLOTHECA,rotifer,NA,NA,COLLOTHECA,NA
CR,COLLOTHECA MUTABILIS,rotifer,NA,NA,COLLOTHECA MUTABILIS,NA
CR,CONOCHILOIDES,rotifer,NA,NA,CONOCHILOIDES,NA
CR,CONOCHILUS,rotifer,NA,NA,CONOCHILUS,NA
CR,CONOCHILUS UNICORNIS,rotifer,NA,NA,CONOCHILUS UNICORNIS,NA
CR,FILINIA TERMINALIS,rotifer,NA,NA,FILINIA TERMINALIS,NA
CR,GASTROPUS,rotifer,NA,NA,GASTROPUS,NA
CR,GASTROPUS HYPTOPUS,rotifer,NA,NA,GASTROPUS HYPTOPUS,NA
CR,GASTROPUS STYLIFER,rotifer,NA,NA,GASTROPUS STYLIFER,NA
CR,KELLICOTTIA BOSTONIENSIS,rotifer,NA,NA,KELLICOTTIA BOSTONIENSIS,NA
CR,KELLICOTTIA LONGISPINA,rotifer,NA,NA,KELLICOTTIA LONGISPINA,NA
CR,KERATELLA,rotifer,NA,NA,KERATELLA,NA
CR,KERATELLA COCHLEARIS,rotifer,NA,NA,KERATELLA COCHLEARIS,NA
CR,KERATELLA CRASSA,rotifer,NA,NA,KERATELLA CRASSA,NA
CR,KERATELLA EARLINAE,rotifer,NA,NA,KERATELLA EARLINAE,NA
CR,KERATELLA HIEMALIS,rotifer,NA,NA,KERATELLA HIEMALIS,NA
CR,KERATELLA QUADRATA,rotifer,NA,NA,KERATELLA QUADRATA,NA
CR,KERATELLA TAUROCEPHALA,rotifer,NA,NA,KERATELLA TAUROCEPHALA,NA
CR,KERATELLA TESTUDO,rotifer,NA,NA,KERATELLA TESTUDO,NA
CR,KERATELLA TICINENSIS,rotifer,NA,NA,KERATELLA TICINENSIS,NA
CR,LECANE,rotifer,NA,NA,LECANE,NA
CR,LECANE INERMIS,rotifer,NA,NA,LECANE INERMIS,NA
CR,LECANE MIRA,rotifer,NA,NA,LECANE MIRA,NA
CR,LECANE TENUISETA,rotifer,NA,NA,LECANE TENUISETA,NA
CR,LECANE TUDICOLA,rotifer,NA,NA,LECANE TUDICOLA,NA
CR,LEPADELLA,rotifer,NA,NA,LEPADELLA,NA
CR,MONOSTYLA,rotifer,NA,NA,MONOSTYLA,NA
CR,MONOSTYLA LUNARIS,rotifer,NA,NA,MONOSTYLA LUNARIS,NA
CR,MONOSTYLA OBTUSA,rotifer,NA,NA,MONOSTYLA OBTUSA,NA
CR,MONOSTYLA STENROOSI,rotifer,NA,NA,MONOSTYLA STENROOSI,NA
CR,NOTHOLCA,rotifer,NA,NA,NOTHOLCA,NA
CR,NOTHOLCA FOLIACEA,rotifer,NA,NA,NOTHOLCA FOLIACEA,NA
CR,NOTOMMATA,rotifer,NA,NA,NOTOMMATA,NA
CR,PLOESOMA,rotifer,NA,NA,PLOESOMA,NA
CR,PLOESOMA LENTICULARE,rotifer,NA,NA,PLOESOMA LENTICULARE,NA
CR,POLYARTHRA,rotifer,NA,NA,POLYARTHRA,NA
CR,POLYARTHRA DOLICHOPTERA,rotifer,NA,NA,POLYARTHRA DOLICHOPTERA,NA
CR,POLYARTHRA EURYPTERA,rotifer,NA,NA,POLYARTHRA EURYPTERA,NA
CR,POLYARTHRA MAJOR,rotifer,NA,NA,POLYARTHRA MAJOR,NA
CR,POLYARTHRA REMATA,rotifer,NA,NA,POLYARTHRA REMATA,NA
CR,POLYARTHRA VULGARIS,rotifer,NA,NA,POLYARTHRA VULGARIS,NA
CR,POMPHOLYX,rotifer,NA,NA,POMPHOLYX,NA
CR,SYNCHAETA,rotifer,NA,NA,SYNCHAETA,NA
CR,TESTUDINELLA REFLEXA,rotifer,NA,NA,TESTUDINELLA REFLEXA,NA
CR,TRICHOCERCA,rotifer,NA,NA,TRICHOCERCA,NA
CR,TRICHOCERCA BIROSTRIS,rotifer,NA,NA,TRICHOCERCA BIROSTRIS,NA
CR,TRICHOCERCA CYLINDRICA,rotifer,NA,NA,TRICHOCERCA CYLINDRICA,NA
CR,TRICHOCERCA LONGISETA,rotifer,NA,NA,TRICHOCERCA LONGISETA,NA
CR,TRICHOCERCA MULTICRINIS,rotifer,NA,NA,TRICHOCERCA MULTICRINIS,NA
CR,TRICHOCERCA ROUSSELETI,rotifer,NA,NA,TRICHOCERCA ROUSSELETI,NA
CR,TRICHOCERCA SIMILIS,rotifer,NA,NA,TRICHOCERCA SIMILIS,NA
CR,UNKNOWN ROTIFER,unknown,NA,NA,UNKNOWN ROTIFER,NA
CR,UNKNOWN EGG-SHAPED ROTIFER,unknown,NA,NA,UNKNOWN EGG-SHAPED ROTIFER,NA
CR,UNIDENTIFIED,unknown,NA,NA,UNIDENTIFIED,NA
FI,CERIODAPHNIA DUBIA,NA,NA,NA,CERIODAPHNIA DUBIA,NA
FI,COPEPOD NAUPLII,nauplii,NA,NA,COPEPOD NAUPLII,NA
FI,COPEPODITES,nauplii,NA,NA,COPEPODITES,NA
FI,CYCLOPOID,cyclopoid,NA,NA,CYCLOPOID,NA
FI,ACANTHOCYCLOPS,cyclopoid,NA,NA,ACANTHOCYCLOPS,NA
FI,DIACYCLOPS THOMASI,cyclopoid,NA,NA,DIACYCLOPS THOMASI,NA
FI,MESOCYCLOPS EDAX,cyclopoid,NA,NA,MESOCYCLOPS EDAX,NA
FI,TROPOCYCLOPS,cyclopoid,NA,NA,TROPOCYCLOPS,NA
FI,TROPOCYCLOPS PRASINUS MEXICANUS,cyclopoid,NA,NA,TROPOCYCLOPS PRASINUS MEXICANUS,NA
FI,CALANOID,calanoid,NA,NA,CALANOID,NA
FI,DIAPTOMID,calanoid,NA,NA,DIAPTOMID,NA
FI,AGLAODIAPTOMUS CLAVIPES,calanoid,NA,NA,AGLAODIAPTOMUS CLAVIPES,NA
FI,HARPACTICOID,harpacticoid,NA,NA,HARPACTICOID,NA
FI,ALONA,cladocera,NA,NA,ALONA,NA
FI,CERIODAPHNIA LACUSTRIS,cladocera,NA,NA,CERIODAPHNIA LACUSTRIS,NA
FI,CHYDORUS,cladocera,NA,NA,CHYDORUS,NA
FI,DAPHNIA,daphnia,NA,NA,DAPHNIA,NA
FI,DAPHNIA MENDOTAE,daphnia,NA,NA,DAPHNIA MENDOTAE,NA
FI,DAPHNIA PARVULA,daphnia,NA,NA,DAPHNIA PARVULA,NA
FI,DAPHNIA RETROCURVA,daphnia,NA,NA,DAPHNIA RETROCURVA,NA
FI,DAPHNIA PULICARIA,daphnia,NA,NA,DAPHNIA PULICARIA,NA
FI,DIAPHANOSOMA BIRGEI,daphnia,NA,NA,DIAPHANOSOMA BIRGEI,NA
FI,LEPTODORA KINDTI,cladocera,NA,NA,LEPTODORA KINDTI,NA
FI,SINOBOSMINA FRYEI,cladocera,NA,NA,SINOBOSMINA FRYEI,NA
FI,BYTHOTREPHES LONGIMANUS ,cladocera,NA,NA,BYTHOTREPHES LONGIMANUS ,NA
FI,CHAOBORUS,chaoborus,NA,NA,CHAOBORUS,NA
ME,COPEPOD NAUPLII,nauplii,NA,NA,COPEPOD NAUPLII,NA
ME,COPEPODITES,nauplii,NA,NA,COPEPODITES,NA
ME,CYCLOPOID,cyclopoid,NA,NA,CYCLOPOID,NA
ME,ACANTHOCYCLOPS,cyclopoid,NA,NA,ACANTHOCYCLOPS,NA
ME,DIACYCLOPS THOMASI,cyclopoid,NA,NA,DIACYCLOPS THOMASI,NA
ME,MESOCYCLOPS EDAX,cyclopoid,NA,NA,MESOCYCLOPS EDAX,NA
ME,TROPOCYCLOPS,cyclopoid,NA,NA,TROPOCYCLOPS,NA
ME,TROPOCYCLOPS PRASINUS MEXICANUS,cyclopoid,NA,NA,TROPOCYCLOPS PRASINUS MEXICANUS,NA
ME,CALANOID,calanoid,NA,NA,CALANOID,NA
ME,DIAPTOMID,calanoid,NA,NA,DIAPTOMID,NA
ME,AGLAODIAPTOMUS CLAVIPES,calanoid,NA,NA,AGLAODIAPTOMUS CLAVIPES,NA
ME,HARPACTICOID,harpacticoid,NA,NA,HARPACTICOID,NA
ME,ACROPERUS HARPAE,cladocera,NA,NA,ACROPERUS HARPAE,NA
ME,ALONA,cladocera,NA,NA,ALONA,NA
ME,CHYDORUS,cladocera,NA,NA,CHYDORUS,NA
ME,DAPHNIA,daphnia,NA,NA,DAPHNIA,NA
ME,DAPHNIA MENDOTAE,daphnia,NA,NA,DAPHNIA MENDOTAE,NA
ME,DAPHNIA PARVULA,daphnia,NA,NA,DAPHNIA PARVULA,NA
ME,DAPHNIA RETROCURVA,daphnia,NA,NA,DAPHNIA RETROCURVA,NA
ME,DAPHNIA PULICARIA,daphnia,NA,NA,DAPHNIA PULICARIA,NA
ME,DIAPHANOSOMA BIRGEI,daphnia,NA,NA,DIAPHANOSOMA BIRGEI,NA
ME,LEPTODORA KINDTI,cladocera,NA,NA,LEPTODORA KINDTI,NA
ME,SINOBOSMINA FRYEI,cladocera,NA,NA,SINOBOSMINA FRYEI,NA
ME,BYTHOTREPHES LONGIMANUS ,cladocera,NA,NA,BYTHOTREPHES LONGIMANUS ,NA
ME,CHAOBORUS,chaoborus,NA,NA,CHAOBORUS,NA
MO,COPEPOD NAUPLII,nauplii,NA,NA,COPEPOD NAUPLII,NA
MO,COPEPODITES,nauplii,NA,NA,COPEPODITES,NA
MO,CYCLOPOID,cyclopoid,NA,NA,CYCLOPOID,NA
MO,ACANTHOCYCLOPS,cyclopoid,NA,NA,ACANTHOCYCLOPS,NA
MO,DIACYCLOPS THOMASI,cyclopoid,NA,NA,DIACYCLOPS THOMASI,NA
MO,MESOCYCLOPS EDAX,cyclopoid,NA,NA,MESOCYCLOPS EDAX,NA
MO,TROPOCYCLOPS,cyclopoid,NA,NA,TROPOCYCLOPS,NA
MO,TROPOCYCLOPS PRASINUS MEXICANUS,cyclopoid,NA,NA,TROPOCYCLOPS PRASINUS MEXICANUS,NA
MO,CALANOID,calanoid,NA,NA,CALANOID,NA
MO,DIAPTOMID,calanoid,NA,NA,DIAPTOMID,NA
MO,AGLAODIAPTOMUS CLAVIPES,calanoid,NA,NA,AGLAODIAPTOMUS CLAVIPES,NA
MO,HARPACTICOID,harpacticoid,NA,NA,HARPACTICOID,NA
MO,ACROPERUS HARPAE,cladocera,NA,NA,ACROPERUS HARPAE,NA
MO,ALONA,cladocera,NA,NA,ALONA,NA
MO,CAMPTOCERCUS RECTIROSTRIS,cladocera,NA,NA,CAMPTOCERCUS RECTIROSTRIS,NA
MO,CERIODAPHNIA,cladocera,NA,NA,CERIODAPHNIA,NA
MO,CERIODAPHNIA LACUSTRIS,cladocera,NA,NA,CERIODAPHNIA LACUSTRIS,NA
MO,CHYDORUS,cladocera,NA,NA,CHYDORUS,NA
MO,DAPHNIA,daphnia,NA,NA,DAPHNIA,NA
MO,DAPHNIA MENDOTAE,daphnia,NA,NA,DAPHNIA MENDOTAE,NA
MO,DAPHNIA PARVULA,daphnia,NA,NA,DAPHNIA PARVULA,NA
MO,DAPHNIA RETROCURVA,daphnia,NA,NA,DAPHNIA RETROCURVA,NA
MO,DAPHNIA PULICARIA,daphnia,NA,NA,DAPHNIA PULICARIA,NA
MO,DIAPHANOSOMA BIRGEI,daphnia,NA,NA,DIAPHANOSOMA BIRGEI,NA
MO,LEPTODORA KINDTI,cladocera,NA,NA,LEPTODORA KINDTI,NA
MO,LEYDIGIA,cladocera,NA,NA,LEYDIGIA,NA
MO,LEYDIGIA ACANTHOCERCOIDES,cladocera,NA,NA,LEYDIGIA ACANTHOCERCOIDES,NA
MO,PLEUROXUS PROCURVUS,cladocera,NA,NA,PLEUROXUS PROCURVUS,NA
MO,SIMOCEPHALUS,cladocera,NA,NA,SIMOCEPHALUS,NA
MO,SINOBOSMINA FRYEI,cladocera,NA,NA,SINOBOSMINA FRYEI,NA
MO,BYTHOTREPHES LONGIMANUS ,cladocera,NA,NA,BYTHOTREPHES LONGIMANUS ,NA
SP,COPEPOD NAUPLII,nauplii,NA,NA,COPEPOD NAUPLII,NA
SP,CYCLOPOID,cyclopoid,NA,NA,CYCLOPOID,NA
SP,ACANTHOCYCLOPS VERNALIS,cyclopoid,NA,NA,ACANTHOCYCLOPS VERNALIS,NA
SP,DIACYCLOPS,cyclopoid,NA,NA,DIACYCLOPS,NA
SP,DIACYCLOPS THOMASI,cyclopoid,NA,NA,DIACYCLOPS THOMASI,NA
SP,MESOCYCLOPS EDAX,cyclopoid,NA,NA,MESOCYCLOPS EDAX,NA
SP,TROPOCYCLOPS PRASINUS MEXICANUS,cyclopoid,NA,NA,TROPOCYCLOPS PRASINUS MEXICANUS,NA
SP,CALANOID,calanoid,NA,NA,CALANOID,NA
SP,EPISCHURA LACUSTRIS,calanoid,NA,NA,EPISCHURA LACUSTRIS,NA
SP,DIAPTOMID,calanoid,NA,NA,DIAPTOMID,NA
SP,LEPTODIAPTOMUS MINUTUS,calanoid,NA,NA,LEPTODIAPTOMUS MINUTUS,NA
SP,SKISTODIAPTOMUS OREGONENSIS,calanoid,NA,NA,SKISTODIAPTOMUS OREGONENSIS,NA
SP,CLADOCERAN,cladocera,NA,NA,CLADOCERAN,NA
SP,ALONA,cladocera,NA,NA,ALONA,NA
SP,BOSMINIDAE,bosmina,NA,NA,BOSMINIDAE,NA
SP,CERIODAPHNIA,cladocera,NA,NA,CERIODAPHNIA,NA
SP,CHYDORUS,cladocera,NA,NA,CHYDORUS,NA
SP,DAPHNIA,daphnia,NA,NA,DAPHNIA,NA
SP,DAPHNIA AMBIGUA,daphnia,NA,NA,DAPHNIA AMBIGUA,NA
SP,DAPHNIA DUBIA,daphnia,NA,NA,DAPHNIA DUBIA,NA
SP,DAPHNIA MENDOTAE,daphnia,NA,NA,DAPHNIA MENDOTAE,NA
SP,DAPHNIA LONGIREMIS,daphnia,NA,NA,DAPHNIA LONGIREMIS,NA
SP,DAPHNIA PARVULA,daphnia,NA,NA,DAPHNIA PARVULA,NA
SP,DAPHNIA RETROCURVA,daphnia,NA,NA,DAPHNIA RETROCURVA,NA
SP,DAPHNIA DENTIFERA,daphnia,NA,NA,DAPHNIA DENTIFERA,NA
SP,DAPHNIA PULICARIA,daphnia,NA,NA,DAPHNIA PULICARIA,NA
SP,DIAPHANOSOMA,daphnia,NA,NA,DIAPHANOSOMA,NA
SP,DIAPHANOSOMA BIRGEI,daphnia,NA,NA,DIAPHANOSOMA BIRGEI,NA
SP,HOLOPEDIUM,cladocera,NA,NA,HOLOPEDIUM,NA
SP,HOLOPEDIUM GIBBERUM,cladocera,NA,NA,HOLOPEDIUM GIBBERUM,NA
SP,ANURAEOPSIS,rotifer,NA,NA,ANURAEOPSIS,NA
SP,ASCOMORPHA,rotifer,NA,NA,ASCOMORPHA,NA
SP,ASCOMORPHA ECAUDIS,rotifer,NA,NA,ASCOMORPHA ECAUDIS,NA
SP,ASCOMORPHA OVALIS,rotifer,NA,NA,ASCOMORPHA OVALIS,NA
SP,ASCOMORPHA SALTANS,rotifer,NA,NA,ASCOMORPHA SALTANS,NA
SP,ASPLANCHNA,rotifer,NA,NA,ASPLANCHNA,NA
SP,CEPHALODELLA,rotifer,NA,NA,CEPHALODELLA,NA
SP,COLLOTHECA,rotifer,NA,NA,COLLOTHECA,NA
SP,COLLOTHECA MUTABILIS,rotifer,NA,NA,COLLOTHECA MUTABILIS,NA
SP,COLURELLA,rotifer,NA,NA,COLURELLA,NA
SP,CONOCHILOIDES,rotifer,NA,NA,CONOCHILOIDES,NA
SP,CONOCHILUS,rotifer,NA,NA,CONOCHILUS,NA
SP,CONOCHILUS HIPPOCREPIS,rotifer,NA,NA,CONOCHILUS HIPPOCREPIS,NA
SP,CONOCHILUS UNICORNIS,rotifer,NA,NA,CONOCHILUS UNICORNIS,NA
SP,EUCHLANIS,rotifer,NA,NA,EUCHLANIS,NA
SP,FILINIA,rotifer,NA,NA,FILINIA,NA
SP,FILINIA TERMINALIS,rotifer,NA,NA,FILINIA TERMINALIS,NA
SP,GASTROPUS,rotifer,NA,NA,GASTROPUS,NA
SP,GASTROPUS HYPTOPUS,rotifer,NA,NA,GASTROPUS HYPTOPUS,NA
SP,GASTROPUS STYLIFER,rotifer,NA,NA,GASTROPUS STYLIFER,NA
SP,KELLICOTTIA BOSTONIENSIS,rotifer,NA,NA,KELLICOTTIA BOSTONIENSIS,NA
SP,KELLICOTTIA LONGISPINA,rotifer,NA,NA,KELLICOTTIA LONGISPINA,NA
SP,KERATELLA COCHLEARIS,rotifer,NA,NA,KERATELLA COCHLEARIS,NA
SP,KERATELLA COCHLEARIS F. TECTA,rotifer,NA,NA,KERATELLA COCHLEARIS F. TECTA,NA
SP,KERATELLA CRASSA,rotifer,NA,NA,KERATELLA CRASSA,NA
SP,KERATELLA EARLINAE,rotifer,NA,NA,KERATELLA EARLINAE,NA
SP,KERATELLA HIEMALIS,rotifer,NA,NA,KERATELLA HIEMALIS,NA
SP,KERATELLA QUADRATA,rotifer,NA,NA,KERATELLA QUADRATA,NA
SP,KERATELLA SERRULATA,rotifer,NA,NA,KERATELLA SERRULATA,NA
SP,KERATELLA TAUROCEPHALA,rotifer,NA,NA,KERATELLA TAUROCEPHALA,NA
SP,KERATELLA TESTUDO,rotifer,NA,NA,KERATELLA TESTUDO,NA
SP,KERATELLA TICINENSIS,rotifer,NA,NA,KERATELLA TICINENSIS,NA
SP,LECANE,rotifer,NA,NA,LECANE,NA
SP,LECANE INERMIS,rotifer,NA,NA,LECANE INERMIS,NA
SP,LECANE MIRA,rotifer,NA,NA,LECANE MIRA,NA
SP,LECANE TENUISETA,rotifer,NA,NA,LECANE TENUISETA,NA
SP,LEPADELLA,rotifer,NA,NA,LEPADELLA,NA
SP,MONOSTYLA,rotifer,NA,NA,MONOSTYLA,NA
SP,MONOSTYLA LUNARIS,rotifer,NA,NA,MONOSTYLA LUNARIS,NA
SP,MONOSTYLA OBTUSA,rotifer,NA,NA,MONOSTYLA OBTUSA,NA
SP,NOTHOLCA FOLIACEA,rotifer,NA,NA,NOTHOLCA FOLIACEA,NA
SP,NOTOMMATA,rotifer,NA,NA,NOTOMMATA,NA
SP,PLOESOMA,rotifer,NA,NA,PLOESOMA,NA
SP,PLOESOMA HUDSONI,rotifer,NA,NA,PLOESOMA HUDSONI,NA
SP,PLOESOMA LENTICULARE,rotifer,NA,NA,PLOESOMA LENTICULARE,NA
SP,POLYARTHRA,rotifer,NA,NA,POLYARTHRA,NA
SP,POLYARTHRA DOLICHOPTERA,rotifer,NA,NA,POLYARTHRA DOLICHOPTERA,NA
SP,POLYARTHRA EURYPTERA,rotifer,NA,NA,POLYARTHRA EURYPTERA,NA
SP,POLYARTHRA MAJOR,rotifer,NA,NA,POLYARTHRA MAJOR,NA
SP,POLYARTHRA REMATA,rotifer,NA,NA,POLYARTHRA REMATA,NA
SP,POLYARTHRA VULGARIS,rotifer,NA,NA,POLYARTHRA VULGARIS,NA
SP,SYNCHAETA,rotifer,NA,NA,SYNCHAETA,NA
SP,TRICHOCERCA,rotifer,NA,NA,TRICHOCERCA,NA
SP,TRICHOCERCA BIROSTRIS,rotifer,NA,NA,TRICHOCERCA BIROSTRIS,NA
SP,TRICHOCERCA CYLINDRICA,rotifer,NA,NA,TRICHOCERCA CYLINDRICA,NA
SP,TRICHOCERCA MULTICRINIS,rotifer,NA,NA,TRICHOCERCA MULTICRINIS,NA
SP,TRICHOCERCA ROUSSELETI,rotifer,NA,NA,TRICHOCERCA ROUSSELETI,NA
SP,TRICHOTRIA,rotifer,NA,NA,TRICHOTRIA,NA
SP,UNKNOWN ROTIFER,rotifer,NA,NA,UNKNOWN ROTIFER,NA
SP,UNKNOWN ROTIFER,unknown,NA,NA,UNKNOWN ROTIFER,NA
TB,COPEPOD NAUPLII,nauplii,NA,NA,COPEPOD NAUPLII,NA
TB,CYCLOPOID,cyclopoid,NA,NA,CYCLOPOID,NA
TB,ACANTHOCYCLOPS VERNALIS,cyclopoid,NA,NA,ACANTHOCYCLOPS VERNALIS,NA
TB,DIACYCLOPS THOMASI,cyclopoid,NA,NA,DIACYCLOPS THOMASI,NA
TB,MESOCYCLOPS EDAX,cyclopoid,NA,NA,MESOCYCLOPS EDAX,NA
TB,ORTHOCYCLOPS MODESTUS,cyclopoid,NA,NA,ORTHOCYCLOPS MODESTUS,NA
TB,TROPOCYCLOPS PRASINUS MEXICANUS,cyclopoid,NA,NA,TROPOCYCLOPS PRASINUS MEXICANUS,NA
TB,CALANOID,calanoid,NA,NA,CALANOID,NA
TB,EPISCHURA LACUSTRIS,calanoid,NA,NA,EPISCHURA LACUSTRIS,NA
TB,SKISTODIAPTOMUS OREGONENSIS,calanoid,NA,NA,SKISTODIAPTOMUS OREGONENSIS,NA
TB,CLADOCERAN,cladocera,NA,NA,CLADOCERAN,NA
TB,BOSMINIDAE,bosmina,NA,NA,BOSMINIDAE,NA
TB,CERIODAPHNIA,cladocera,NA,NA,CERIODAPHNIA,NA
TB,CHYDORUS,cladocera,NA,NA,CHYDORUS,NA
TB,DAPHNIA,daphnia,NA,NA,DAPHNIA,NA
TB,DAPHNIA AMBIGUA,daphnia,NA,NA,DAPHNIA AMBIGUA,NA
TB,DAPHNIA MENDOTAE,daphnia,NA,NA,DAPHNIA MENDOTAE,NA
TB,DAPHNIA PARVULA,daphnia,NA,NA,DAPHNIA PARVULA,NA
TB,DAPHNIA PULICARIA,daphnia,NA,NA,DAPHNIA PULICARIA,NA
TB,DIAPHANOSOMA,daphnia,NA,NA,DIAPHANOSOMA,NA
TB,DIAPHANOSOMA BIRGEI,daphnia,NA,NA,DIAPHANOSOMA BIRGEI,NA
TB,HOLOPEDIUM,cladocera,NA,NA,HOLOPEDIUM,NA
TB,HOLOPEDIUM GIBBERUM,cladocera,NA,NA,HOLOPEDIUM GIBBERUM,NA
TB,SCAPHOLEBERIS,cladocera,NA,NA,SCAPHOLEBERIS,NA
TB,ASCOMORPHA,rotifer,NA,NA,ASCOMORPHA,NA
TB,ASCOMORPHA ECAUDIS,rotifer,NA,NA,ASCOMORPHA ECAUDIS,NA
TB,ASCOMORPHA OVALIS,rotifer,NA,NA,ASCOMORPHA OVALIS,NA
TB,ASCOMORPHA SALTANS,rotifer,NA,NA,ASCOMORPHA SALTANS,NA
TB,ASPLANCHNA,rotifer,NA,NA,ASPLANCHNA,NA
TB,BRACHIONUS,rotifer,NA,NA,BRACHIONUS,NA
TB,CEPHALODELLA,rotifer,NA,NA,CEPHALODELLA,NA
TB,CONOCHILOIDES,rotifer,NA,NA,CONOCHILOIDES,NA
TB,CONOCHILUS,rotifer,NA,NA,CONOCHILUS,NA
TB,ENCENTRUM,rotifer,NA,NA,ENCENTRUM,NA
TB,EUCHLANIS,rotifer,NA,NA,EUCHLANIS,NA
TB,FILINIA TERMINALIS,rotifer,NA,NA,FILINIA TERMINALIS,NA
TB,GASTROPUS,rotifer,NA,NA,GASTROPUS,NA
TB,GASTROPUS HYPTOPUS,rotifer,NA,NA,GASTROPUS HYPTOPUS,NA
TB,GASTROPUS STYLIFER,rotifer,NA,NA,GASTROPUS STYLIFER,NA
TB,KELLICOTTIA BOSTONIENSIS,rotifer,NA,NA,KELLICOTTIA BOSTONIENSIS,NA
TB,KELLICOTTIA LONGISPINA,rotifer,NA,NA,KELLICOTTIA LONGISPINA,NA
TB,KERATELLA,rotifer,NA,NA,KERATELLA,NA
TB,KERATELLA COCHLEARIS,rotifer,NA,NA,KERATELLA COCHLEARIS,NA
TB,KERATELLA CRASSA,rotifer,NA,NA,KERATELLA CRASSA,NA
TB,KERATELLA EARLINAE,rotifer,NA,NA,KERATELLA EARLINAE,NA
TB,KERATELLA HIEMALIS,rotifer,NA,NA,KERATELLA HIEMALIS,NA
TB,KERATELLA QUADRATA,rotifer,NA,NA,KERATELLA QUADRATA,NA
TB,KERATELLA TAUROCEPHALA,rotifer,NA,NA,KERATELLA TAUROCEPHALA,NA
TB,KERATELLA TESTUDO,rotifer,NA,NA,KERATELLA TESTUDO,NA
TB,KERATELLA TICINENSIS,rotifer,NA,NA,KERATELLA TICINENSIS,NA
TB,LECANE,rotifer,NA,NA,LECANE,NA
TB,LECANE INERMIS,rotifer,NA,NA,LECANE INERMIS,NA
TB,LECANE MIRA,rotifer,NA,NA,LECANE MIRA,NA
TB,LECANE TENUISETA,rotifer,NA,NA,LECANE TENUISETA,NA
TB,LECANE TUDICOLA,rotifer,NA,NA,LECANE TUDICOLA,NA
TB,LEPADELLA,rotifer,NA,NA,LEPADELLA,NA
TB,LEPADELLA ACUMINATA,rotifer,NA,NA,LEPADELLA ACUMINATA,NA
TB,LEPADELLA PATELLA,rotifer,NA,NA,LEPADELLA PATELLA,NA
TB,LEPADELLA TRIPTERA,rotifer,NA,NA,LEPADELLA TRIPTERA,NA
TB,MANFREDIUM EUDACTYLOTUM,rotifer,NA,NA,MANFREDIUM EUDACTYLOTUM,NA
TB,MONOSTYLA,rotifer,NA,NA,MONOSTYLA,NA
TB,MONOSTYLA LUNARIS,rotifer,NA,NA,MONOSTYLA LUNARIS,NA
TB,MONOSTYLA OBTUSA,rotifer,NA,NA,MONOSTYLA OBTUSA,NA
TB,NOTHOLCA MICHIGANENSIS,rotifer,NA,NA,NOTHOLCA MICHIGANENSIS,NA
TB,NOTOMMATA,rotifer,NA,NA,NOTOMMATA,NA
TB,PLOESOMA,rotifer,NA,NA,PLOESOMA,NA
TB,PLOESOMA LENTICULARE,rotifer,NA,NA,PLOESOMA LENTICULARE,NA
TB,POLYARTHRA,rotifer,NA,NA,POLYARTHRA,NA
TB,POLYARTHRA MAJOR,rotifer,NA,NA,POLYARTHRA MAJOR,NA
TB,POLYARTHRA REMATA,rotifer,NA,NA,POLYARTHRA REMATA,NA
TB,POLYARTHRA VULGARIS,rotifer,NA,NA,POLYARTHRA VULGARIS,NA
TB,SYNCHAETA,rotifer,NA,NA,SYNCHAETA,NA
TB,TRICHOCERCA,rotifer,NA,NA,TRICHOCERCA,NA
TB,TRICHOCERCA BIROSTRIS,rotifer,NA,NA,TRICHOCERCA BIROSTRIS,NA
TB,TRICHOCERCA CYLINDRICA,rotifer,NA,NA,TRICHOCERCA CYLINDRICA,NA
TB,TRICHOCERCA MULTICRINIS,rotifer,NA,NA,TRICHOCERCA MULTICRINIS,NA
TB,TRICHOCERCA ROUSSELETI,rotifer,NA,NA,TRICHOCERCA ROUSSELETI,NA
TB,TRICHOTRIA,rotifer,NA,NA,TRICHOTRIA,NA
TB,UNKNOWN ROTIFER,unknown,NA,NA,UNKNOWN ROTIFER,NA
TR,COPEPOD NAUPLII,nauplii,NA,NA,COPEPOD NAUPLII,NA
TR,CYCLOPOID,cyclopoid,NA,NA,CYCLOPOID,NA
TR,ACANTHOCYCLOPS VERNALIS,cyclopoid,NA,NA,ACANTHOCYCLOPS VERNALIS,NA
TR,DIACYCLOPS,cyclopoid,NA,NA,DIACYCLOPS,NA
TR,DIACYCLOPS THOMASI,cyclopoid,NA,NA,DIACYCLOPS THOMASI,NA
TR,EUCYCLOPS ELEGANS,cyclopoid,NA,NA,EUCYCLOPS ELEGANS,NA
TR,MESOCYCLOPS EDAX,cyclopoid,NA,NA,MESOCYCLOPS EDAX,NA
TR,ORTHOCYCLOPS MODESTUS,cyclopoid,NA,NA,ORTHOCYCLOPS MODESTUS,NA
TR,TROPOCYCLOPS PRASINUS MEXICANUS,cyclopoid,NA,NA,TROPOCYCLOPS PRASINUS MEXICANUS,NA
TR,CALANOID,calanoid,NA,NA,CALANOID,NA
TR,EPISCHURA LACUSTRIS,calanoid,NA,NA,EPISCHURA LACUSTRIS,NA
TR,DIAPTOMID,calanoid,NA,NA,DIAPTOMID,NA
TR,LEPTODIAPTOMUS MINUTUS,calanoid,NA,NA,LEPTODIAPTOMUS MINUTUS,NA
TR,LEPTODIAPTOMUS SICILIS,calanoid,NA,NA,LEPTODIAPTOMUS SICILIS,NA
TR,SKISTODIAPTOMUS,calanoid,NA,NA,SKISTODIAPTOMUS,NA
TR,SKISTODIAPTOMUS OREGONENSIS,calanoid,NA,NA,SKISTODIAPTOMUS OREGONENSIS,NA
TR,SKISTODIAPTOMUS PALLIDUS,calanoid,NA,NA,SKISTODIAPTOMUS PALLIDUS,NA
TR,CLADOCERAN,cladocera,NA,NA,CLADOCERAN,NA
TR,BOSMINIDAE,bosmina,NA,NA,BOSMINIDAE,NA
TR,CERIODAPHNIA,cladocera,NA,NA,CERIODAPHNIA,NA
TR,CERIODAPHNIA LACUSTRIS,cladocera,NA,NA,CERIODAPHNIA LACUSTRIS,NA
TR,CHYDORUS,cladocera,NA,NA,CHYDORUS,NA
TR,DAPHNIA,daphnia,NA,NA,DAPHNIA,NA
TR,DAPHNIA DUBIA,daphnia,NA,NA,DAPHNIA DUBIA,NA
TR,DAPHNIA MENDOTAE,daphnia,NA,NA,DAPHNIA MENDOTAE,NA
TR,DAPHNIA LONGIREMIS,daphnia,NA,NA,DAPHNIA LONGIREMIS,NA
TR,DAPHNIA PARVULA,daphnia,NA,NA,DAPHNIA PARVULA,NA
TR,DAPHNIA RETROCURVA,daphnia,NA,NA,DAPHNIA RETROCURVA,NA
TR,DAPHNIA PULICARIA,daphnia,NA,NA,DAPHNIA PULICARIA,NA
TR,DIAPHANOSOMA,daphnia,NA,NA,DIAPHANOSOMA,NA
TR,DIAPHANOSOMA BIRGEI,daphnia,NA,NA,DIAPHANOSOMA BIRGEI,NA
TR,HOLOPEDIUM,cladocera,NA,NA,HOLOPEDIUM,NA
TR,HOLOPEDIUM GIBBERUM,cladocera,NA,NA,HOLOPEDIUM GIBBERUM,NA
TR,LEPTODORA KINDTII,cladocera,NA,NA,LEPTODORA KINDTII,NA
TR,POLYPHEMUS,cladocera,NA,NA,POLYPHEMUS,NA
TR,POLYPHEMUS PEDICULUS,cladocera,NA,NA,POLYPHEMUS PEDICULUS,NA
TR,ASCOMORPHA,rotifer,NA,NA,ASCOMORPHA,NA
TR,ASCOMORPHA ECAUDIS,rotifer,NA,NA,ASCOMORPHA ECAUDIS,NA
TR,ASCOMORPHA OVALIS,rotifer,NA,NA,ASCOMORPHA OVALIS,NA
TR,ASPLANCHNA,rotifer,NA,NA,ASPLANCHNA,NA
TR,BRACHIONUS,rotifer,NA,NA,BRACHIONUS,NA
TR,CEPHALODELLA,rotifer,NA,NA,CEPHALODELLA,NA
TR,COLLOTHECA,rotifer,NA,NA,COLLOTHECA,NA
TR,COLLOTHECA MUTABILIS,rotifer,NA,NA,COLLOTHECA MUTABILIS,NA
TR,COLURELLA,rotifer,NA,NA,COLURELLA,NA
TR,CONOCHILOIDES,rotifer,NA,NA,CONOCHILOIDES,NA
TR,CONOCHILUS,rotifer,NA,NA,CONOCHILUS,NA
TR,CONOCHILUS UNICORNIS,rotifer,NA,NA,CONOCHILUS UNICORNIS,NA
TR,FILINIA,rotifer,NA,NA,FILINIA,NA
TR,FILINIA TERMINALIS,rotifer,NA,NA,FILINIA TERMINALIS,NA
TR,GASTROPUS,rotifer,NA,NA,GASTROPUS,NA
TR,GASTROPUS HYPTOPUS,rotifer,NA,NA,GASTROPUS HYPTOPUS,NA
TR,GASTROPUS STYLIFER,rotifer,NA,NA,GASTROPUS STYLIFER,NA
TR,KELLICOTTIA,rotifer,NA,NA,KELLICOTTIA,NA
TR,KELLICOTTIA BOSTONIENSIS,rotifer,NA,NA,KELLICOTTIA BOSTONIENSIS,NA
TR,KELLICOTTIA LONGISPINA,rotifer,NA,NA,KELLICOTTIA LONGISPINA,NA
TR,KERATELLA,rotifer,NA,NA,KERATELLA,NA
TR,KERATELLA COCHLEARIS,rotifer,NA,NA,KERATELLA COCHLEARIS,NA
TR,KERATELLA COCHLEARIS F. TECTA,rotifer,NA,NA,KERATELLA COCHLEARIS F. TECTA,NA
TR,KERATELLA CRASSA,rotifer,NA,NA,KERATELLA CRASSA,NA
TR,KERATELLA EARLINAE,rotifer,NA,NA,KERATELLA EARLINAE,NA
TR,KERATELLA HIEMALIS,rotifer,NA,NA,KERATELLA HIEMALIS,NA
TR,KERATELLA QUADRATA,rotifer,NA,NA,KERATELLA QUADRATA,NA
TR,KERATELLA SERRULATA,rotifer,NA,NA,KERATELLA SERRULATA,NA
TR,KERATELLA TAUROCEPHALA,rotifer,NA,NA,KERATELLA TAUROCEPHALA,NA
TR,KERATELLA TESTUDO,rotifer,NA,NA,KERATELLA TESTUDO,NA
TR,KERATELLA TICINENSIS,rotifer,NA,NA,KERATELLA TICINENSIS,NA
TR,LECANE,rotifer,NA,NA,LECANE,NA
TR,LECANE CLARA,rotifer,NA,NA,LECANE CLARA,NA
TR,LECANE INERMIS,rotifer,NA,NA,LECANE INERMIS,NA
TR,LECANE TENUISETA,rotifer,NA,NA,LECANE TENUISETA,NA
TR,LEPADELLA,rotifer,NA,NA,LEPADELLA,NA
TR,LEPADELLA PATELLA,rotifer,NA,NA,LEPADELLA PATELLA,NA
TR,MONOSTYLA,rotifer,NA,NA,MONOSTYLA,NA
TR,MONOSTYLA LUNARIS,rotifer,NA,NA,MONOSTYLA LUNARIS,NA
TR,NOTHOLCA,rotifer,NA,NA,NOTHOLCA,NA
TR,NOTHOLCA ACUMINATA,rotifer,NA,NA,NOTHOLCA ACUMINATA,NA
TR,NOTHOLCA FOLIACEA,rotifer,NA,NA,NOTHOLCA FOLIACEA,NA
TR,NOTHOLCA MICHIGANENSIS,rotifer,NA,NA,NOTHOLCA MICHIGANENSIS,NA
TR,NOTHOLCA SQUAMULA,rotifer,NA,NA,NOTHOLCA SQUAMULA,NA
TR,NOTOMMATA,rotifer,NA,NA,NOTOMMATA,NA
TR,PLOESOMA,rotifer,NA,NA,PLOESOMA,NA
TR,PLOESOMA LENTICULARE,rotifer,NA,NA,PLOESOMA LENTICULARE,NA
TR,POLYARTHRA,rotifer,NA,NA,POLYARTHRA,NA
TR,POLYARTHRA DOLICHOPTERA,rotifer,NA,NA,POLYARTHRA DOLICHOPTERA,NA
TR,POLYARTHRA EURYPTERA,rotifer,NA,NA,POLYARTHRA EURYPTERA,NA
TR,POLYARTHRA MAJOR,rotifer,NA,NA,POLYARTHRA MAJOR,NA
TR,POLYARTHRA REMATA,rotifer,NA,NA,POLYARTHRA REMATA,NA
TR,POLYARTHRA VULGARIS,rotifer,NA,NA,POLYARTHRA VULGARIS,NA
TR,POMPHOLYX,rotifer,NA,NA,POMPHOLYX,NA
TR,SYNCHAETA,rotifer,NA,NA,SYNCHAETA,NA
TR,TRICHOCERCA,rotifer,NA,NA,TRICHOCERCA,NA
TR,TRICHOCERCA BIROSTRIS,rotifer,NA,NA,TRICHOCERCA BIROSTRIS,NA
TR,TRICHOCERCA CYLINDRICA,rotifer,NA,NA,TRICHOCERCA CYLINDRICA,NA
TR,TRICHOCERCA MULTICRINIS,rotifer,NA,NA,TRICHOCERCA MULTICRINIS,NA
TR,TRICHOCERCA PORCELLUS,rotifer,NA,NA,TRICHOCERCA PORCELLUS,NA
TR,TRICHOCERCA PUSILLA,rotifer,NA,NA,TRICHOCERCA PUSILLA,NA
TR,TRICHOCERCA ROUSSELETI,rotifer,NA,NA,TRICHOCERCA ROUSSELETI,NA
TR,TRICHOCERCA SIMILIS,rotifer,NA,NA,TRICHOCERCA SIMILIS,NA
TR,UNKNOWN ROTIFER,rotifer,NA,NA,UNKNOWN ROTIFER,NA
TR,UNKNOWN ROTIFER,unknown,NA,NA,UNKNOWN ROTIFER,NA
Tr,COPEPOD NAUPLII,nauplii,NA,NA,COPEPOD NAUPLII,NA
Tr,CYCLOPOID,cyclopoid,NA,NA,CYCLOPOID,NA
Tr,DIACYCLOPS THOMASI,cyclopoid,NA,NA,DIACYCLOPS THOMASI,NA
Tr,MESOCYCLOPS EDAX,cyclopoid,NA,NA,MESOCYCLOPS EDAX,NA
Tr,CALANOID,calanoid,NA,NA,CALANOID,NA
Tr,LEPTODIAPTOMUS MINUTUS,calanoid,NA,NA,LEPTODIAPTOMUS MINUTUS,NA
Tr,LEPTODIAPTOMUS SICILIS,calanoid,NA,NA,LEPTODIAPTOMUS SICILIS,NA
Tr,BOSMINIDAE,bosmina,NA,NA,BOSMINIDAE,NA
Tr,DAPHNIA,daphnia,NA,NA,DAPHNIA,NA
Tr,DAPHNIA MENDOTAE,daphnia,NA,NA,DAPHNIA MENDOTAE,NA
Tr,DAPHNIA LONGIREMIS,daphnia,NA,NA,DAPHNIA LONGIREMIS,NA
Tr,DIAPHANOSOMA BIRGEI,daphnia,NA,NA,DIAPHANOSOMA BIRGEI,NA
Tr,ASCOMORPHA OVALIS,rotifer,NA,NA,ASCOMORPHA OVALIS,NA
Tr,COLLOTHECA,rotifer,NA,NA,COLLOTHECA,NA
Tr,CONOCHILUS,rotifer,NA,NA,CONOCHILUS,NA
Tr,FILINIA TERMINALIS,rotifer,NA,NA,FILINIA TERMINALIS,NA
Tr,GASTROPUS STYLIFER,rotifer,NA,NA,GASTROPUS STYLIFER,NA
Tr,KELLICOTTIA LONGISPINA,rotifer,NA,NA,KELLICOTTIA LONGISPINA,NA
Tr,KERATELLA COCHLEARIS,rotifer,NA,NA,KERATELLA COCHLEARIS,NA
Tr,KERATELLA CRASSA,rotifer,NA,NA,KERATELLA CRASSA,NA
Tr,KERATELLA EARLINAE,rotifer,NA,NA,KERATELLA EARLINAE,NA
Tr,KERATELLA HIEMALIS,rotifer,NA,NA,KERATELLA HIEMALIS,NA
Tr,KERATELLA QUADRATA,rotifer,NA,NA,KERATELLA QUADRATA,NA
Tr,MONOSTYLA LUNARIS,rotifer,NA,NA,MONOSTYLA LUNARIS,NA
Tr,NOTHOLCA FOLIACEA,rotifer,NA,NA,NOTHOLCA FOLIACEA,NA
Tr,POLYARTHRA MAJOR,rotifer,NA,NA,POLYARTHRA MAJOR,NA
Tr,POLYARTHRA REMATA,rotifer,NA,NA,POLYARTHRA REMATA,NA
Tr,POLYARTHRA VULGARIS,rotifer,NA,NA,POLYARTHRA VULGARIS,NA
Tr,SYNCHAETA,rotifer,NA,NA,SYNCHAETA,NA
Tr,TRICHOCERCA BIROSTRIS,rotifer,NA,NA,TRICHOCERCA BIROSTRIS,NA
Tr,TRICHOCERCA MULTICRINIS,rotifer,NA,NA,TRICHOCERCA MULTICRINIS,NA
Tr,TRICHOCERCA ROUSSELETI,rotifer,NA,NA,TRICHOCERCA ROUSSELETI,NA
WI,CERIODAPHNIA DUBIA,NA,NA,NA,CERIODAPHNIA DUBIA,NA
WI,COPEPOD NAUPLII,nauplii,NA,NA,COPEPOD NAUPLII,NA
WI,COPEPODITES,nauplii,NA,NA,COPEPODITES,NA
WI,ACANTHOCYCLOPS,cyclopoid,NA,NA,ACANTHOCYCLOPS,NA
WI,DIACYCLOPS THOMASI,cyclopoid,NA,NA,DIACYCLOPS THOMASI,NA
WI,MESOCYCLOPS EDAX,cyclopoid,NA,NA,MESOCYCLOPS EDAX,NA
WI,TROPOCYCLOPS,cyclopoid,NA,NA,TROPOCYCLOPS,NA
WI,TROPOCYCLOPS PRASINUS MEXICANUS,cyclopoid,NA,NA,TROPOCYCLOPS PRASINUS MEXICANUS,NA
WI,DIAPTOMID,calanoid,NA,NA,DIAPTOMID,NA
WI,AGLAODIAPTOMUS CLAVIPES,calanoid,NA,NA,AGLAODIAPTOMUS CLAVIPES,NA
WI,CHYDORUS,cladocera,NA,NA,CHYDORUS,NA
WI,DAPHNIA,daphnia,NA,NA,DAPHNIA,NA
WI,DAPHNIA MENDOTAE,daphnia,NA,NA,DAPHNIA MENDOTAE,NA
WI,DAPHNIA PARVULA,daphnia,NA,NA,DAPHNIA PARVULA,NA
WI,DAPHNIA RETROCURVA,daphnia,NA,NA,DAPHNIA RETROCURVA,NA
WI,DAPHNIA PULICARIA,daphnia,NA,NA,DAPHNIA PULICARIA,NA
WI,DIAPHANOSOMA BIRGEI,daphnia,NA,NA,DIAPHANOSOMA BIRGEI,NA
WI,LEPTODORA KINDTI,cladocera,NA,NA,LEPTODORA KINDTI,NA
WI,SINOBOSMINA FRYEI,cladocera,NA,NA,SINOBOSMINA FRYEI,NA
WI,BYTHOTREPHES LONGIMANUS ,cladocera,NA,NA,BYTHOTREPHES LONGIMANUS ,NA
